"Source URL","Target URL","Anchor text","Purpose"
"/guides/complete-pdf-workflow","/site-map/topical","NovaTools topical map","Pillar to visual architecture"
"/guides/complete-pdf-workflow","/guides/articles/ocr-scanned-pdf-to-word-guide","How to Convert Scanned PDF to Word (OCR Guide)","Pillar to cluster"
"/guides/complete-pdf-workflow","/guides/articles/pdf-vs-docx-when-to-use-which-format","PDF vs DOCX: When to Use Which Format","Pillar to cluster"
"/guides/complete-pdf-workflow","/guides/articles/reduce-pdf-file-size-without-quality-loss","How to Reduce PDF File Size by 80% Without Quality Loss","Pillar to cluster"
"/guides/complete-pdf-workflow","/guides/articles/free-pdf-security-features","5 Free PDF Security Features Everyone Should Use","Pillar to cluster"
"/guides/complete-pdf-workflow","/guides/articles/pdf-a-vs-pdf-x-archival-standards","PDF/A vs PDF/X: Archival Standards Explained","Pillar to cluster"
"/guides/complete-pdf-workflow","/tools/pdf/pdf-to-word/","PDF to Word","Pillar to tool"
"/guides/complete-pdf-workflow","/tools/pdf/merge/","PDF Merger","Pillar to tool"
"/guides/complete-pdf-workflow","/tools/pdf/compress/","PDF Compressor","Pillar to tool"
"/guides/complete-pdf-workflow","/tools/pdf/split/","PDF Splitter","Pillar to tool"
"/guides/complete-pdf-workflow","/tools/pdf/pdf-ocr/","PDF OCR","Pillar to tool"
"/guides/complete-pdf-workflow","/tools/pdf/pdf-to-text/","PDF to Text","Pillar to tool"
"/guides/complete-pdf-workflow","/tools/pdf/pdf-to-jpg/","PDF to JPG","Pillar to tool"
"/guides/complete-pdf-workflow","/tools/pdf/pdf-to-png/","PDF to PNG","Pillar to tool"
"/guides/complete-pdf-workflow","/tools/pdf/pdf-watermark/","PDF Watermark","Pillar to tool"
"/guides/web-image-optimization","/site-map/topical","NovaTools topical map","Pillar to visual architecture"
"/guides/web-image-optimization","/guides/articles/webp-vs-jpeg-which-format-2026","WebP vs JPEG: Which Format Should You Use in 2026?","Pillar to cluster"
"/guides/web-image-optimization","/guides/articles/batch-compress-images-ecommerce","How to Batch Compress Images for E-commerce","Pillar to cluster"
"/guides/web-image-optimization","/guides/articles/responsive-images-srcset-sizes-guide","Responsive Images: Complete Guide to srcset and sizes","Pillar to cluster"
"/guides/web-image-optimization","/guides/articles/avif-format-future-web-images","AVIF Format: The Future of Web Images?","Pillar to cluster"
"/guides/web-image-optimization","/guides/articles/image-seo-rank-google-images","Image SEO: How to Rank in Google Images","Pillar to cluster"
"/guides/web-image-optimization","/tools/image/compress/","Image Compressor","Pillar to tool"
"/guides/web-image-optimization","/tools/image/convert/","Image Converter","Pillar to tool"
"/guides/web-image-optimization","/tools/image/image-resizer/","Image Resizer","Pillar to tool"
"/guides/web-image-optimization","/tools/image/image-to-webp/","Image to WebP","Pillar to tool"
"/guides/web-image-optimization","/tools/image/image-to-avif/","Image to AVIF","Pillar to tool"
"/guides/web-image-optimization","/tools/image/exif-viewer/","EXIF Viewer","Pillar to tool"
"/guides/web-image-optimization","/tools/image/metadata-remover/","Metadata Remover","Pillar to tool"
"/guides/web-image-optimization","/tools/image/image-cropper/","Image Cropper","Pillar to tool"
"/guides/developer-productivity-tools","/site-map/topical","NovaTools topical map","Pillar to visual architecture"
"/guides/developer-productivity-tools","/guides/articles/json-formatter-pretty-print-debugging","JSON Formatter: Why Pretty-Print Matters for Debugging","Pillar to cluster"
"/guides/developer-productivity-tools","/guides/articles/base64-encoding-complete-developer-guide","Base64 Encoding: Complete Guide for Developers","Pillar to cluster"
"/guides/developer-productivity-tools","/guides/articles/regex-cheat-sheet-web-developers","Regex Cheat Sheet for Web Developers","Pillar to cluster"
"/guides/developer-productivity-tools","/guides/articles/color-contrast-accessibility-wcag-22","Color Contrast Accessibility: WCAG 2.2 Guidelines","Pillar to cluster"
"/guides/developer-productivity-tools","/guides/articles/secure-password-generation-entropy-best-practices","Secure Password Generation: Entropy and Best Practices","Pillar to cluster"
"/guides/developer-productivity-tools","/tools/dev/json-formatter/","JSON Formatter","Pillar to tool"
"/guides/developer-productivity-tools","/tools/dev/json-validator/","JSON Validator","Pillar to tool"
"/guides/developer-productivity-tools","/tools/dev/base64-converter/","Base64 Converter","Pillar to tool"
"/guides/developer-productivity-tools","/tools/dev/regex-tester/","Regex Tester","Pillar to tool"
"/guides/developer-productivity-tools","/tools/dev/color-converter/","Color Converter","Pillar to tool"
"/guides/developer-productivity-tools","/tools/security/password-generator/","Password Generator","Pillar to tool"
"/guides/developer-productivity-tools","/tools/security/hash-generator/","Hash Generator","Pillar to tool"
"/guides/developer-productivity-tools","/tools/dev/code-formatter/","Code Formatter","Pillar to tool"
"/guides/developer-productivity-tools","/tools/dev/url-encoder/","URL Encoder","Pillar to tool"
"/guides/personal-finance-calculations","/site-map/topical","NovaTools topical map","Pillar to visual architecture"
"/guides/personal-finance-calculations","/guides/articles/compound-interest-calculator-formula-examples","Compound Interest Calculator: Formula Explained with Examples","Pillar to cluster"
"/guides/personal-finance-calculations","/guides/articles/calculate-loan-emi-manually-vs-tools","How to Calculate Loan EMI Manually vs Using Tools","Pillar to cluster"
"/guides/personal-finance-calculations","/guides/articles/roi-vs-irr-investment-metrics","ROI vs IRR: Investment Metrics Compared","Pillar to cluster"
"/guides/personal-finance-calculations","/guides/articles/currency-exchange-rate-calculations-travel","Currency Exchange Rate Calculations for Travel","Pillar to cluster"
"/guides/personal-finance-calculations","/guides/articles/emergency-fund-calculator-how-much-save","Emergency Fund Calculator: How Much Should You Save?","Pillar to cluster"
"/guides/personal-finance-calculations","/tools/finance/compound-interest/","Compound Interest Calculator","Pillar to tool"
"/guides/personal-finance-calculations","/tools/finance/mortgage-refinance/","Mortgage Refinance Calculator","Pillar to tool"
"/guides/personal-finance-calculations","/tools/finance/student-loan/","Student Loan Calculator","Pillar to tool"
"/guides/personal-finance-calculations","/tools/finance/retirement/","Retirement Calculator","Pillar to tool"
"/guides/personal-finance-calculations","/tools/finance/live-exchange/","Live Exchange Rates","Pillar to tool"
"/guides/personal-finance-calculations","/tools/converters/percentage-calculator/","Percentage Calculator","Pillar to tool"
"/guides/personal-finance-calculations","/tools/converters/currency-converter/","Currency Converter","Pillar to tool"
"/guides/personal-finance-calculations","/tools/finance/tax/","Tax Estimator","Pillar to tool"
"/guides/articles/ocr-scanned-pdf-to-word-guide","/guides/complete-pdf-workflow","The Complete PDF Workflow Guide: Edit, Convert, Merge & Secure Documents (2026)","Cluster back to pillar"
"/guides/articles/ocr-scanned-pdf-to-word-guide","/tools/pdf/pdf-ocr/","PDF OCR","Cluster to required internal tool"
"/guides/articles/ocr-scanned-pdf-to-word-guide","/tools/pdf/pdf-to-word/","PDF to Word","Cluster to required internal tool"
"/guides/articles/ocr-scanned-pdf-to-word-guide","/guides/articles/pdf-vs-docx-when-to-use-which-format","PDF vs DOCX: When to Use Which Format","Cluster interlink"
"/guides/articles/ocr-scanned-pdf-to-word-guide","/guides/articles/reduce-pdf-file-size-without-quality-loss","How to Reduce PDF File Size by 80% Without Quality Loss","Cluster interlink"
"/guides/articles/ocr-scanned-pdf-to-word-guide","/guides/articles/free-pdf-security-features","5 Free PDF Security Features Everyone Should Use","Cluster interlink"
"/guides/articles/pdf-vs-docx-when-to-use-which-format","/guides/complete-pdf-workflow","The Complete PDF Workflow Guide: Edit, Convert, Merge & Secure Documents (2026)","Cluster back to pillar"
"/guides/articles/pdf-vs-docx-when-to-use-which-format","/tools/pdf/pdf-to-word/","PDF to Word","Cluster to required internal tool"
"/guides/articles/pdf-vs-docx-when-to-use-which-format","/tools/pdf/merge/","PDF Merger","Cluster to required internal tool"
"/guides/articles/pdf-vs-docx-when-to-use-which-format","/guides/articles/ocr-scanned-pdf-to-word-guide","How to Convert Scanned PDF to Word (OCR Guide)","Cluster interlink"
"/guides/articles/pdf-vs-docx-when-to-use-which-format","/guides/articles/reduce-pdf-file-size-without-quality-loss","How to Reduce PDF File Size by 80% Without Quality Loss","Cluster interlink"
"/guides/articles/pdf-vs-docx-when-to-use-which-format","/guides/articles/free-pdf-security-features","5 Free PDF Security Features Everyone Should Use","Cluster interlink"
"/guides/articles/reduce-pdf-file-size-without-quality-loss","/guides/complete-pdf-workflow","The Complete PDF Workflow Guide: Edit, Convert, Merge & Secure Documents (2026)","Cluster back to pillar"
"/guides/articles/reduce-pdf-file-size-without-quality-loss","/tools/pdf/compress/","PDF Compressor","Cluster to required internal tool"
"/guides/articles/reduce-pdf-file-size-without-quality-loss","/tools/pdf/pdf-to-text/","PDF to Text","Cluster to required internal tool"
"/guides/articles/reduce-pdf-file-size-without-quality-loss","/guides/articles/ocr-scanned-pdf-to-word-guide","How to Convert Scanned PDF to Word (OCR Guide)","Cluster interlink"
"/guides/articles/reduce-pdf-file-size-without-quality-loss","/guides/articles/pdf-vs-docx-when-to-use-which-format","PDF vs DOCX: When to Use Which Format","Cluster interlink"
"/guides/articles/reduce-pdf-file-size-without-quality-loss","/guides/articles/free-pdf-security-features","5 Free PDF Security Features Everyone Should Use","Cluster interlink"
"/guides/articles/free-pdf-security-features","/guides/complete-pdf-workflow","The Complete PDF Workflow Guide: Edit, Convert, Merge & Secure Documents (2026)","Cluster back to pillar"
"/guides/articles/free-pdf-security-features","/tools/pdf/split/","PDF Splitter","Cluster to required internal tool"
"/guides/articles/free-pdf-security-features","/tools/pdf/pdf-watermark/","PDF Watermark","Cluster to required internal tool"
"/guides/articles/free-pdf-security-features","/guides/articles/ocr-scanned-pdf-to-word-guide","How to Convert Scanned PDF to Word (OCR Guide)","Cluster interlink"
"/guides/articles/free-pdf-security-features","/guides/articles/pdf-vs-docx-when-to-use-which-format","PDF vs DOCX: When to Use Which Format","Cluster interlink"
"/guides/articles/free-pdf-security-features","/guides/articles/reduce-pdf-file-size-without-quality-loss","How to Reduce PDF File Size by 80% Without Quality Loss","Cluster interlink"
"/guides/articles/pdf-a-vs-pdf-x-archival-standards","/guides/complete-pdf-workflow","The Complete PDF Workflow Guide: Edit, Convert, Merge & Secure Documents (2026)","Cluster back to pillar"
"/guides/articles/pdf-a-vs-pdf-x-archival-standards","/tools/pdf/compress/","PDF Compressor","Cluster to required internal tool"
"/guides/articles/pdf-a-vs-pdf-x-archival-standards","/tools/pdf/pdf-to-text/","PDF to Text","Cluster to required internal tool"
"/guides/articles/pdf-a-vs-pdf-x-archival-standards","/guides/articles/ocr-scanned-pdf-to-word-guide","How to Convert Scanned PDF to Word (OCR Guide)","Cluster interlink"
"/guides/articles/pdf-a-vs-pdf-x-archival-standards","/guides/articles/pdf-vs-docx-when-to-use-which-format","PDF vs DOCX: When to Use Which Format","Cluster interlink"
"/guides/articles/pdf-a-vs-pdf-x-archival-standards","/guides/articles/reduce-pdf-file-size-without-quality-loss","How to Reduce PDF File Size by 80% Without Quality Loss","Cluster interlink"
"/guides/articles/webp-vs-jpeg-which-format-2026","/guides/web-image-optimization","Web Image Optimization: Formats, Compression & SEO (2026)","Cluster back to pillar"
"/guides/articles/webp-vs-jpeg-which-format-2026","/tools/image/image-to-webp/","Image to WebP","Cluster to required internal tool"
"/guides/articles/webp-vs-jpeg-which-format-2026","/tools/image/compress/","Image Compressor","Cluster to required internal tool"
"/guides/articles/webp-vs-jpeg-which-format-2026","/guides/articles/batch-compress-images-ecommerce","How to Batch Compress Images for E-commerce","Cluster interlink"
"/guides/articles/webp-vs-jpeg-which-format-2026","/guides/articles/responsive-images-srcset-sizes-guide","Responsive Images: Complete Guide to srcset and sizes","Cluster interlink"
"/guides/articles/webp-vs-jpeg-which-format-2026","/guides/articles/avif-format-future-web-images","AVIF Format: The Future of Web Images?","Cluster interlink"
"/guides/articles/batch-compress-images-ecommerce","/guides/web-image-optimization","Web Image Optimization: Formats, Compression & SEO (2026)","Cluster back to pillar"
"/guides/articles/batch-compress-images-ecommerce","/tools/image/compress/","Image Compressor","Cluster to required internal tool"
"/guides/articles/batch-compress-images-ecommerce","/tools/image/image-resizer/","Image Resizer","Cluster to required internal tool"
"/guides/articles/batch-compress-images-ecommerce","/guides/articles/webp-vs-jpeg-which-format-2026","WebP vs JPEG: Which Format Should You Use in 2026?","Cluster interlink"
"/guides/articles/batch-compress-images-ecommerce","/guides/articles/responsive-images-srcset-sizes-guide","Responsive Images: Complete Guide to srcset and sizes","Cluster interlink"
"/guides/articles/batch-compress-images-ecommerce","/guides/articles/avif-format-future-web-images","AVIF Format: The Future of Web Images?","Cluster interlink"
"/guides/articles/responsive-images-srcset-sizes-guide","/guides/web-image-optimization","Web Image Optimization: Formats, Compression & SEO (2026)","Cluster back to pillar"
"/guides/articles/responsive-images-srcset-sizes-guide","/tools/image/image-resizer/","Image Resizer","Cluster to required internal tool"
"/guides/articles/responsive-images-srcset-sizes-guide","/tools/image/convert/","Image Converter","Cluster to required internal tool"
"/guides/articles/responsive-images-srcset-sizes-guide","/guides/articles/webp-vs-jpeg-which-format-2026","WebP vs JPEG: Which Format Should You Use in 2026?","Cluster interlink"
"/guides/articles/responsive-images-srcset-sizes-guide","/guides/articles/batch-compress-images-ecommerce","How to Batch Compress Images for E-commerce","Cluster interlink"
"/guides/articles/responsive-images-srcset-sizes-guide","/guides/articles/avif-format-future-web-images","AVIF Format: The Future of Web Images?","Cluster interlink"
"/guides/articles/avif-format-future-web-images","/guides/web-image-optimization","Web Image Optimization: Formats, Compression & SEO (2026)","Cluster back to pillar"
"/guides/articles/avif-format-future-web-images","/tools/image/image-to-avif/","Image to AVIF","Cluster to required internal tool"
"/guides/articles/avif-format-future-web-images","/tools/image/convert/","Image Converter","Cluster to required internal tool"
"/guides/articles/avif-format-future-web-images","/guides/articles/webp-vs-jpeg-which-format-2026","WebP vs JPEG: Which Format Should You Use in 2026?","Cluster interlink"
"/guides/articles/avif-format-future-web-images","/guides/articles/batch-compress-images-ecommerce","How to Batch Compress Images for E-commerce","Cluster interlink"
"/guides/articles/avif-format-future-web-images","/guides/articles/responsive-images-srcset-sizes-guide","Responsive Images: Complete Guide to srcset and sizes","Cluster interlink"
"/guides/articles/image-seo-rank-google-images","/guides/web-image-optimization","Web Image Optimization: Formats, Compression & SEO (2026)","Cluster back to pillar"
"/guides/articles/image-seo-rank-google-images","/tools/image/compress/","Image Compressor","Cluster to required internal tool"
"/guides/articles/image-seo-rank-google-images","/tools/image/metadata-remover/","Metadata Remover","Cluster to required internal tool"
"/guides/articles/image-seo-rank-google-images","/guides/articles/webp-vs-jpeg-which-format-2026","WebP vs JPEG: Which Format Should You Use in 2026?","Cluster interlink"
"/guides/articles/image-seo-rank-google-images","/guides/articles/batch-compress-images-ecommerce","How to Batch Compress Images for E-commerce","Cluster interlink"
"/guides/articles/image-seo-rank-google-images","/guides/articles/responsive-images-srcset-sizes-guide","Responsive Images: Complete Guide to srcset and sizes","Cluster interlink"
"/guides/articles/json-formatter-pretty-print-debugging","/guides/developer-productivity-tools","Developer Productivity: Essential Online Utilities (2026)","Cluster back to pillar"
"/guides/articles/json-formatter-pretty-print-debugging","/tools/dev/json-formatter/","JSON Formatter","Cluster to required internal tool"
"/guides/articles/json-formatter-pretty-print-debugging","/tools/dev/json-validator/","JSON Validator","Cluster to required internal tool"
"/guides/articles/json-formatter-pretty-print-debugging","/guides/articles/base64-encoding-complete-developer-guide","Base64 Encoding: Complete Guide for Developers","Cluster interlink"
"/guides/articles/json-formatter-pretty-print-debugging","/guides/articles/regex-cheat-sheet-web-developers","Regex Cheat Sheet for Web Developers","Cluster interlink"
"/guides/articles/json-formatter-pretty-print-debugging","/guides/articles/color-contrast-accessibility-wcag-22","Color Contrast Accessibility: WCAG 2.2 Guidelines","Cluster interlink"
"/guides/articles/base64-encoding-complete-developer-guide","/guides/developer-productivity-tools","Developer Productivity: Essential Online Utilities (2026)","Cluster back to pillar"
"/guides/articles/base64-encoding-complete-developer-guide","/tools/dev/base64-converter/","Base64 Converter","Cluster to required internal tool"
"/guides/articles/base64-encoding-complete-developer-guide","/tools/dev/url-encoder/","URL Encoder","Cluster to required internal tool"
"/guides/articles/base64-encoding-complete-developer-guide","/guides/articles/json-formatter-pretty-print-debugging","JSON Formatter: Why Pretty-Print Matters for Debugging","Cluster interlink"
"/guides/articles/base64-encoding-complete-developer-guide","/guides/articles/regex-cheat-sheet-web-developers","Regex Cheat Sheet for Web Developers","Cluster interlink"
"/guides/articles/base64-encoding-complete-developer-guide","/guides/articles/color-contrast-accessibility-wcag-22","Color Contrast Accessibility: WCAG 2.2 Guidelines","Cluster interlink"
"/guides/articles/regex-cheat-sheet-web-developers","/guides/developer-productivity-tools","Developer Productivity: Essential Online Utilities (2026)","Cluster back to pillar"
"/guides/articles/regex-cheat-sheet-web-developers","/tools/dev/regex-tester/","Regex Tester","Cluster to required internal tool"
"/guides/articles/regex-cheat-sheet-web-developers","/tools/dev/code-formatter/","Code Formatter","Cluster to required internal tool"
"/guides/articles/regex-cheat-sheet-web-developers","/guides/articles/json-formatter-pretty-print-debugging","JSON Formatter: Why Pretty-Print Matters for Debugging","Cluster interlink"
"/guides/articles/regex-cheat-sheet-web-developers","/guides/articles/base64-encoding-complete-developer-guide","Base64 Encoding: Complete Guide for Developers","Cluster interlink"
"/guides/articles/regex-cheat-sheet-web-developers","/guides/articles/color-contrast-accessibility-wcag-22","Color Contrast Accessibility: WCAG 2.2 Guidelines","Cluster interlink"
"/guides/articles/color-contrast-accessibility-wcag-22","/guides/developer-productivity-tools","Developer Productivity: Essential Online Utilities (2026)","Cluster back to pillar"
"/guides/articles/color-contrast-accessibility-wcag-22","/tools/dev/color-converter/","Color Converter","Cluster to required internal tool"
"/guides/articles/color-contrast-accessibility-wcag-22","/tools/security/password-generator/","Password Generator","Cluster to required internal tool"
"/guides/articles/color-contrast-accessibility-wcag-22","/guides/articles/json-formatter-pretty-print-debugging","JSON Formatter: Why Pretty-Print Matters for Debugging","Cluster interlink"
"/guides/articles/color-contrast-accessibility-wcag-22","/guides/articles/base64-encoding-complete-developer-guide","Base64 Encoding: Complete Guide for Developers","Cluster interlink"
"/guides/articles/color-contrast-accessibility-wcag-22","/guides/articles/regex-cheat-sheet-web-developers","Regex Cheat Sheet for Web Developers","Cluster interlink"
"/guides/articles/secure-password-generation-entropy-best-practices","/guides/developer-productivity-tools","Developer Productivity: Essential Online Utilities (2026)","Cluster back to pillar"
"/guides/articles/secure-password-generation-entropy-best-practices","/tools/security/password-generator/","Password Generator","Cluster to required internal tool"
"/guides/articles/secure-password-generation-entropy-best-practices","/tools/security/hash-generator/","Hash Generator","Cluster to required internal tool"
"/guides/articles/secure-password-generation-entropy-best-practices","/guides/articles/json-formatter-pretty-print-debugging","JSON Formatter: Why Pretty-Print Matters for Debugging","Cluster interlink"
"/guides/articles/secure-password-generation-entropy-best-practices","/guides/articles/base64-encoding-complete-developer-guide","Base64 Encoding: Complete Guide for Developers","Cluster interlink"
"/guides/articles/secure-password-generation-entropy-best-practices","/guides/articles/regex-cheat-sheet-web-developers","Regex Cheat Sheet for Web Developers","Cluster interlink"
"/guides/articles/compound-interest-calculator-formula-examples","/guides/personal-finance-calculations","Personal Finance Calculations: Compound Interest, Loans & ROI (2026)","Cluster back to pillar"
"/guides/articles/compound-interest-calculator-formula-examples","/tools/finance/compound-interest/","Compound Interest Calculator","Cluster to required internal tool"
"/guides/articles/compound-interest-calculator-formula-examples","/tools/converters/percentage-calculator/","Percentage Calculator","Cluster to required internal tool"
"/guides/articles/compound-interest-calculator-formula-examples","/guides/articles/calculate-loan-emi-manually-vs-tools","How to Calculate Loan EMI Manually vs Using Tools","Cluster interlink"
"/guides/articles/compound-interest-calculator-formula-examples","/guides/articles/roi-vs-irr-investment-metrics","ROI vs IRR: Investment Metrics Compared","Cluster interlink"
"/guides/articles/compound-interest-calculator-formula-examples","/guides/articles/currency-exchange-rate-calculations-travel","Currency Exchange Rate Calculations for Travel","Cluster interlink"
"/guides/articles/calculate-loan-emi-manually-vs-tools","/guides/personal-finance-calculations","Personal Finance Calculations: Compound Interest, Loans & ROI (2026)","Cluster back to pillar"
"/guides/articles/calculate-loan-emi-manually-vs-tools","/tools/finance/student-loan/","Student Loan Calculator","Cluster to required internal tool"
"/guides/articles/calculate-loan-emi-manually-vs-tools","/tools/finance/mortgage-refinance/","Mortgage Refinance Calculator","Cluster to required internal tool"
"/guides/articles/calculate-loan-emi-manually-vs-tools","/guides/articles/compound-interest-calculator-formula-examples","Compound Interest Calculator: Formula Explained with Examples","Cluster interlink"
"/guides/articles/calculate-loan-emi-manually-vs-tools","/guides/articles/roi-vs-irr-investment-metrics","ROI vs IRR: Investment Metrics Compared","Cluster interlink"
"/guides/articles/calculate-loan-emi-manually-vs-tools","/guides/articles/currency-exchange-rate-calculations-travel","Currency Exchange Rate Calculations for Travel","Cluster interlink"
"/guides/articles/roi-vs-irr-investment-metrics","/guides/personal-finance-calculations","Personal Finance Calculations: Compound Interest, Loans & ROI (2026)","Cluster back to pillar"
"/guides/articles/roi-vs-irr-investment-metrics","/tools/converters/percentage-calculator/","Percentage Calculator","Cluster to required internal tool"
"/guides/articles/roi-vs-irr-investment-metrics","/tools/finance/compound-interest/","Compound Interest Calculator","Cluster to required internal tool"
"/guides/articles/roi-vs-irr-investment-metrics","/guides/articles/compound-interest-calculator-formula-examples","Compound Interest Calculator: Formula Explained with Examples","Cluster interlink"
"/guides/articles/roi-vs-irr-investment-metrics","/guides/articles/calculate-loan-emi-manually-vs-tools","How to Calculate Loan EMI Manually vs Using Tools","Cluster interlink"
"/guides/articles/roi-vs-irr-investment-metrics","/guides/articles/currency-exchange-rate-calculations-travel","Currency Exchange Rate Calculations for Travel","Cluster interlink"
"/guides/articles/currency-exchange-rate-calculations-travel","/guides/personal-finance-calculations","Personal Finance Calculations: Compound Interest, Loans & ROI (2026)","Cluster back to pillar"
"/guides/articles/currency-exchange-rate-calculations-travel","/tools/converters/currency-converter/","Currency Converter","Cluster to required internal tool"
"/guides/articles/currency-exchange-rate-calculations-travel","/tools/finance/live-exchange/","Live Exchange Rates","Cluster to required internal tool"
"/guides/articles/currency-exchange-rate-calculations-travel","/guides/articles/compound-interest-calculator-formula-examples","Compound Interest Calculator: Formula Explained with Examples","Cluster interlink"
"/guides/articles/currency-exchange-rate-calculations-travel","/guides/articles/calculate-loan-emi-manually-vs-tools","How to Calculate Loan EMI Manually vs Using Tools","Cluster interlink"
"/guides/articles/currency-exchange-rate-calculations-travel","/guides/articles/roi-vs-irr-investment-metrics","ROI vs IRR: Investment Metrics Compared","Cluster interlink"
"/guides/articles/emergency-fund-calculator-how-much-save","/guides/personal-finance-calculations","Personal Finance Calculations: Compound Interest, Loans & ROI (2026)","Cluster back to pillar"
"/guides/articles/emergency-fund-calculator-how-much-save","/tools/finance/compound-interest/","Compound Interest Calculator","Cluster to required internal tool"
"/guides/articles/emergency-fund-calculator-how-much-save","/tools/converters/percentage-calculator/","Percentage Calculator","Cluster to required internal tool"
"/guides/articles/emergency-fund-calculator-how-much-save","/guides/articles/compound-interest-calculator-formula-examples","Compound Interest Calculator: Formula Explained with Examples","Cluster interlink"
"/guides/articles/emergency-fund-calculator-how-much-save","/guides/articles/calculate-loan-emi-manually-vs-tools","How to Calculate Loan EMI Manually vs Using Tools","Cluster interlink"
"/guides/articles/emergency-fund-calculator-how-much-save","/guides/articles/roi-vs-irr-investment-metrics","ROI vs IRR: Investment Metrics Compared","Cluster interlink"
